{"data": {"cga-griewank": [[2, 49.34693217040744], [6, 39.34680916287776], [8, 11.961271464606343], [32, 2.0182168694951925], [408, 1.9278945983006013], [1242, 1.7633625811210103], [1262, 1.5194863028602092], [1268, 1.2961345555600476], [2748, 1.0054838685968632], [3860, 0.9556298105652373], [4162, 0.6766186378866423], [5128, 0.5463427509487306], [7346, 0.4561747276958009], [7860, 0.42069122125271186], [7910, 0.25916289470629106], [8156, 0.25241475585450923], [9240, 0.10923822874588829], [14848, 0.1010571477006007], [16402, 0.07543023140725802]], "pcga-griewank": [[1, 51.51185601234947], [3, 20.335620924040196], [14, 5.947498690682211], [46, 4.444605486138888], [48, 1.999727718661551], [395, 1.6358421948623125], [1141, 1.1516654676850944], [1646, 0.3935300271327462], [4322, 0.25448276243798407]], "ga-griewank": [[20, 32.76701168699802], [45, 20.194389027660353], [70, 19.885637391493354], [95, 18.401706699489065], [120, 16.96393087023701], [145, 12.484878579261695], [170, 7.262145196864101], [220, 6.502342497720503], [270, 4.288466163945329], [320, 4.113967252635832], [395, 3.853170328830381], [420, 3.152769761528792], [495, 2.99317263100241], [520, 2.60507629619805], [545, 2.335766333099858], [595, 1.8647171064748291], [770, 1.8013346129316448], [795, 1.6838308631225902], [820, 1.5995530942783724], [870, 1.2832876157783009], [1345, 1.2166946588230279], [2020, 1.1689463051766957], [2070, 0.8364716744117516], [2545, 0.7263562711080067], [3470, 0.6551170263858834], [4170, 0.36178749917033604], [4445, 0.35843247673130074], [6245, 0.35812281487994546], [8020, 0.3439043896054611], [9020, 0.3377096906074929], [11845, 0.294563055818697], [14370, 0.29419503045311834], [14395, 0.29201410057191246], [16445, 0.28417026009365554], [17295, 0.2617131576652775], [17495, 0.24649920117517898], [18745, 0.1977741789800581]], "pga-griewank": [[1, 88.54260929762994], [2, 86.04756254407928], [8, 80.16642368636526], [20, 80.11890270339931], [21, 68.1281128235538], [22, 52.323104373225505], [35, 37.11772640197977], [40, 25.539563110835637], [47, 15.054088538423452], [48, 14.608925717360806], [145, 7.904314317120805], [313, 7.773455482742294], [336, 6.453328764450866], [349, 5.92791786158151], [350, 5.249688459274984], [392, 3.598308463137708], [1087, 2.9582094766990465], [1128, 2.043456623131049], [1612, 2.0312299604022717], [1729, 1.73529109353423], [1868, 1.6191986335118245], [2181, 1.585438047581691], [2306, 1.5205443578105162], [2428, 1.4939475762607357], [2772, 1.3921820372553413], [3003, 1.2402300662220804], [4655, 0.9646727982918748], [8577, 0.9221408028681852], [17419, 0.6600122305274164], [18301, 0.5903083944030972]], "p3-griewank": [[694, 8.841718995530673], [1409, 0.23913461314841322], [4371, 0.17736721570602265], [13619, 0.09608949587893789], [16662, 0.05076785592578059], [18397, 0.046797168399164035]]}, "xname": "", "yname": ""}